{
  "name": "ion-google-autocomplete",
  "description": "A configurable Ionic directive for an Google autocomplete dropdown",
  "main": "dist/ion-google-autocomplete.js",
  "license": "MIT",
  "keywords": [
    "google",
    "google",
    "place",
    "AngularJS",
    "angular",
    "Ionic",
    "ion",
    "autocomplete"
  ],
  "authors": [
    "Sebastián Rojas <sebastian@hobbule.com>"
  ],
  "homepage": "https://github.com/Hobbule/ion-google-autocomplete",
  "ignore": [
    "**/.*",
    "node_modules",
    "bower_components",
    "test",
    "tests"
  ],
  "repository": {
    "type": "git",
    "url": "https://github.com/Hobbule/ion-google-autocomplete.git"
  },
  "devDependencies": {
    "ionic": "driftyco/ionic-bower#1.3.1"
  },
  "version": "0.1.0",
  "_release": "0.1.0",
  "_resolution": {
    "type": "version",
    "tag": "v0.1.0",
    "commit": "40c3518f264c33aaa88ac264400af19a479c0928"
  },
  "_source": "https://github.com/Hobbule/ion-google-autocomplete.git",
  "_target": "^0.1.0",
  "_originalSource": "ion-google-autocomplete",
  "_direct": true
}